{
  "actions": {
    "dwell": {
      "bias": -0.16985169587395477,
      "log_loss": 0.6519855768304389,
      "n_neg": 1590,
      "n_pos": 70,
      "roc_auc": 0.6448337825696316,
      "weights": [
        -0.28348378421028664,
        1.2185105638113911,
        -0.6753652164596595,
        -0.1852027918678271,
        0.3809680127717807
      ]
    },
    "like": {
      "bias": -2.2943198681431234,
      "log_loss": 0.5811735706543415,
      "n_neg": 1475,
      "n_pos": 185,
      "roc_auc": 0.7636939990838296,
      "weights": [
        0.06253218892938484,
        1.5863967373096381,
        0.08293349705744985,
        1.966951287246094,
        -1.3620310223593337
      ]
    },
    "quote": {
      "bias": -3.8938129759582356,
      "log_loss": 0.5442602751877891,
      "n_neg": 1646,
      "n_pos": 14,
      "roc_auc": 0.8154834230168373,
      "weights": [
        0.30131708249454586,
        1.508237989511642,
        2.214015216230174,
        0.9866564247042815,
        5.5074748926547965
      ]
    },
    "reply": {
      "bias": -2.541066792011107,
      "log_loss": 0.5673259494040714,
      "n_neg": 1641,
      "n_pos": 19,
      "roc_auc": 0.7956958209050964,
      "weights": [
        -0.04542091872847109,
        1.7466060439531985,
        -5.655347335855156,
        1.7900858216707085,
        0.600232273008544
      ]
    },
    "repost": {
      "bias": -3.30193103835229,
      "log_loss": 0.5907217754249188,
      "n_neg": 1635,
      "n_pos": 25,
      "roc_auc": 0.7532477064220183,
      "weights": [
        0.1253034519562337,
        0.8598709623684377,
        1.1583613982832401,
        1.7717343137513515,
        2.538332173225147
      ]
    }
  },
  "feature_names": [
    "author_affinity",
    "topic_match",
    "recency",
    "engagement_velocity",
    "embedding_similarity"
  ],
  "model_version": "logreg-v1",
  "trained_at": "2026-07-14T02:17:42.490587+00:00"
}
